1,Sat Sep 25 06:55:25 UTC 2010,root,-1,Sat Sep 25 06:55:25 UTC 2010
2,Sat Sep 25 07:00:39 UTC 2010,﻿安徽,1,Sat Sep 25 07:00:39 UTC 2010
3,Sat Sep 25 07:00:39 UTC 2010,北京,1,Sat Sep 25 07:00:39 UTC 2010
4,Sat Sep 25 07:00:39 UTC 2010,重庆,1,Sat Sep 25 07:00:39 UTC 2010
5,Sat Sep 25 07:00:39 UTC 2010,福建,1,Sat Sep 25 07:00:39 UTC 2010
6,Sat Sep 25 07:00:39 UTC 2010,甘肃,1,Sat Sep 25 07:00:39 UTC 2010
7,Sat Sep 25 07:00:39 UTC 2010,广东,1,Sat Sep 25 07:00:39 UTC 2010
8,Sat Sep 25 07:00:39 UTC 2010,广西,1,Sat Sep 25 07:00:39 UTC 2010
9,Sat Sep 25 07:00:39 UTC 2010,贵州,1,Sat Sep 25 07:00:39 UTC 2010
10,Sat Sep 25 07:00:39 UTC 2010,海南,1,Sat Sep 25 07:00:39 UTC 2010
11,Sat Sep 25 07:00:39 UTC 2010,河北,1,Sat Sep 25 07:00:39 UTC 2010
12,Sat Sep 25 07:00:39 UTC 2010,黑龙江,1,Sat Sep 25 07:00:39 UTC 2010
13,Sat Sep 25 07:00:39 UTC 2010,河南,1,Sat Sep 25 07:00:39 UTC 2010
14,Sat Sep 25 07:00:39 UTC 2010,湖北,1,Sat Sep 25 07:00:39 UTC 2010
15,Sat Sep 25 07:00:39 UTC 2010,湖南,1,Sat Sep 25 07:00:39 UTC 2010
16,Sat Sep 25 07:00:39 UTC 2010,江苏,1,Sat Sep 25 07:00:39 UTC 2010
17,Sat Sep 25 07:00:39 UTC 2010,江西,1,Sat Sep 25 07:00:39 UTC 2010
18,Sat Sep 25 07:00:39 UTC 2010,吉林,1,Sat Sep 25 07:00:39 UTC 2010
19,Sat Sep 25 07:00:39 UTC 2010,辽宁,1,Sat Sep 25 07:00:39 UTC 2010
20,Sat Sep 25 07:00:39 UTC 2010,内蒙古,1,Sat Sep 25 07:00:39 UTC 2010
21,Sat Sep 25 07:00:39 UTC 2010,宁夏,1,Sat Sep 25 07:00:39 UTC 2010
22,Sat Sep 25 07:00:39 UTC 2010,青海,1,Sat Sep 25 07:00:39 UTC 2010
23,Sat Sep 25 07:00:39 UTC 2010,山东,1,Sat Sep 25 07:00:39 UTC 2010
24,Sat Sep 25 07:00:39 UTC 2010,上海,1,Sat Sep 25 07:00:39 UTC 2010
25,Sat Sep 25 07:00:39 UTC 2010,山西,1,Sat Sep 25 07:00:39 UTC 2010
26,Sat Sep 25 07:00:39 UTC 2010,陕西,1,Sat Sep 25 07:00:39 UTC 2010
27,Sat Sep 25 07:00:39 UTC 2010,四川,1,Sat Sep 25 07:00:39 UTC 2010
28,Sat Sep 25 07:00:39 UTC 2010,天津,1,Sat Sep 25 07:00:39 UTC 2010
29,Sat Sep 25 07:00:39 UTC 2010,新疆,1,Sat Sep 25 07:00:39 UTC 2010
30,Sat Sep 25 07:00:39 UTC 2010,西藏,1,Sat Sep 25 07:00:39 UTC 2010
31,Sat Sep 25 07:00:39 UTC 2010,云南,1,Sat Sep 25 07:00:39 UTC 2010
32,Sat Sep 25 07:00:39 UTC 2010,浙江,1,Sat Sep 25 07:00:39 UTC 2010
33,Sat Sep 25 07:00:39 UTC 2010,香港,1,Sat Sep 25 07:00:39 UTC 2010
34,Sat Sep 25 07:00:39 UTC 2010,澳门,1,Sat Sep 25 07:00:39 UTC 2010
35,Sat Sep 25 07:00:39 UTC 2010,台湾,1,Sat Sep 25 07:00:39 UTC 2010
36,Sat Sep 25 07:00:39 UTC 2010,海外,1,Sat Sep 25 07:00:39 UTC 2010
38,Sat Sep 25 07:41:21 UTC 2010,合肥,2,Sat Sep 25 07:41:21 UTC 2010
39,Sat Sep 25 07:41:22 UTC 2010,安庆,2,Sat Sep 25 07:41:22 UTC 2010
40,Sat Sep 25 07:41:22 UTC 2010,蚌埠,2,Sat Sep 25 07:41:22 UTC 2010
41,Sat Sep 25 07:41:22 UTC 2010,亳州,2,Sat Sep 25 07:41:22 UTC 2010
42,Sat Sep 25 07:41:22 UTC 2010,巢湖,2,Sat Sep 25 07:41:22 UTC 2010
43,Sat Sep 25 07:41:22 UTC 2010,滁州,2,Sat Sep 25 07:41:22 UTC 2010
44,Sat Sep 25 07:41:22 UTC 2010,阜阳,2,Sat Sep 25 07:41:22 UTC 2010
45,Sat Sep 25 07:41:22 UTC 2010,贵池,2,Sat Sep 25 07:41:22 UTC 2010
46,Sat Sep 25 07:41:22 UTC 2010,淮北,2,Sat Sep 25 07:41:22 UTC 2010
47,Sat Sep 25 07:41:22 UTC 2010,淮化,2,Sat Sep 25 07:41:22 UTC 2010
48,Sat Sep 25 07:41:22 UTC 2010,淮南,2,Sat Sep 25 07:41:22 UTC 2010
49,Sat Sep 25 07:41:22 UTC 2010,黄山,2,Sat Sep 25 07:41:22 UTC 2010
50,Sat Sep 25 07:41:22 UTC 2010,九华山,2,Sat Sep 25 07:41:22 UTC 2010
51,Sat Sep 25 07:41:22 UTC 2010,六安,2,Sat Sep 25 07:41:22 UTC 2010
52,Sat Sep 25 07:41:22 UTC 2010,马鞍山,2,Sat Sep 25 07:41:22 UTC 2010
53,Sat Sep 25 07:41:22 UTC 2010,宿州,2,Sat Sep 25 07:41:22 UTC 2010
54,Sat Sep 25 07:41:22 UTC 2010,铜陵,2,Sat Sep 25 07:41:22 UTC 2010
55,Sat Sep 25 07:41:22 UTC 2010,屯溪,2,Sat Sep 25 07:41:22 UTC 2010
56,Sat Sep 25 07:41:22 UTC 2010,芜湖,2,Sat Sep 25 07:41:22 UTC 2010
57,Sat Sep 25 07:41:22 UTC 2010,宣城,2,Sat Sep 25 07:41:22 UTC 2010
58,Sat Sep 25 07:41:22 UTC 2010,北京,3,Sat Sep 25 07:41:22 UTC 2010
59,Sat Sep 25 07:41:22 UTC 2010,重庆,4,Sat Sep 25 07:41:22 UTC 2010
60,Sat Sep 25 07:41:22 UTC 2010,福州,5,Sat Sep 25 07:41:22 UTC 2010
61,Sat Sep 25 07:41:22 UTC 2010,福安,5,Sat Sep 25 07:41:22 UTC 2010
62,Sat Sep 25 07:41:22 UTC 2010,龙岩,5,Sat Sep 25 07:41:22 UTC 2010
63,Sat Sep 25 07:41:22 UTC 2010,南平,5,Sat Sep 25 07:41:22 UTC 2010
64,Sat Sep 25 07:41:22 UTC 2010,宁德,5,Sat Sep 25 07:41:22 UTC 2010
65,Sat Sep 25 07:41:22 UTC 2010,莆田,5,Sat Sep 25 07:41:22 UTC 2010
66,Sat Sep 25 07:41:22 UTC 2010,泉州,5,Sat Sep 25 07:41:22 UTC 2010
67,Sat Sep 25 07:41:22 UTC 2010,三明,5,Sat Sep 25 07:41:22 UTC 2010
68,Sat Sep 25 07:41:22 UTC 2010,邵武,5,Sat Sep 25 07:41:22 UTC 2010
69,Sat Sep 25 07:41:22 UTC 2010,石狮,5,Sat Sep 25 07:41:22 UTC 2010
70,Sat Sep 25 07:41:22 UTC 2010,永安,5,Sat Sep 25 07:41:22 UTC 2010
71,Sat Sep 25 07:41:22 UTC 2010,武夷山,5,Sat Sep 25 07:41:22 UTC 2010
72,Sat Sep 25 07:41:22 UTC 2010,厦门,5,Sat Sep 25 07:41:22 UTC 2010
73,Sat Sep 25 07:41:22 UTC 2010,漳州,5,Sat Sep 25 07:41:22 UTC 2010
74,Sat Sep 25 07:41:22 UTC 2010,兰州,6,Sat Sep 25 07:41:22 UTC 2010
75,Sat Sep 25 07:41:22 UTC 2010,白银,6,Sat Sep 25 07:41:22 UTC 2010
76,Sat Sep 25 07:41:22 UTC 2010,定西,6,Sat Sep 25 07:41:22 UTC 2010
77,Sat Sep 25 07:41:22 UTC 2010,敦煌,6,Sat Sep 25 07:41:22 UTC 2010
78,Sat Sep 25 07:41:22 UTC 2010,甘南,6,Sat Sep 25 07:41:22 UTC 2010
79,Sat Sep 25 07:41:22 UTC 2010,金昌,6,Sat Sep 25 07:41:22 UTC 2010
80,Sat Sep 25 07:41:22 UTC 2010,酒泉,6,Sat Sep 25 07:41:22 UTC 2010
81,Sat Sep 25 07:41:22 UTC 2010,临夏,6,Sat Sep 25 07:41:22 UTC 2010
82,Sat Sep 25 07:41:22 UTC 2010,嘉峪关,6,Sat Sep 25 07:41:22 UTC 2010
83,Sat Sep 25 07:41:22 UTC 2010,平凉,6,Sat Sep 25 07:41:22 UTC 2010
84,Sat Sep 25 07:41:22 UTC 2010,天水,6,Sat Sep 25 07:41:22 UTC 2010
85,Sat Sep 25 07:41:22 UTC 2010,武都,6,Sat Sep 25 07:41:22 UTC 2010
86,Sat Sep 25 07:41:22 UTC 2010,武威,6,Sat Sep 25 07:41:22 UTC 2010
87,Sat Sep 25 07:41:22 UTC 2010,西峰,6,Sat Sep 25 07:41:22 UTC 2010
88,Sat Sep 25 07:41:22 UTC 2010,张掖,6,Sat Sep 25 07:41:22 UTC 2010
89,Sat Sep 25 07:41:22 UTC 2010,广州,7,Sat Sep 25 07:41:22 UTC 2010
90,Sat Sep 25 07:41:22 UTC 2010,潮阳,7,Sat Sep 25 07:41:22 UTC 2010
91,Sat Sep 25 07:41:22 UTC 2010,潮州,7,Sat Sep 25 07:41:22 UTC 2010
92,Sat Sep 25 07:41:22 UTC 2010,澄海,7,Sat Sep 25 07:41:22 UTC 2010
93,Sat Sep 25 07:41:22 UTC 2010,东莞,7,Sat Sep 25 07:41:22 UTC 2010
94,Sat Sep 25 07:41:22 UTC 2010,佛山,7,Sat Sep 25 07:41:22 UTC 2010
95,Sat Sep 25 07:41:22 UTC 2010,河源,7,Sat Sep 25 07:41:22 UTC 2010
96,Sat Sep 25 07:41:22 UTC 2010,惠州,7,Sat Sep 25 07:41:22 UTC 2010
97,Sat Sep 25 07:41:22 UTC 2010,江门,7,Sat Sep 25 07:41:22 UTC 2010
98,Sat Sep 25 07:41:22 UTC 2010,揭阳,7,Sat Sep 25 07:41:22 UTC 2010
99,Sat Sep 25 07:41:22 UTC 2010,开平,7,Sat Sep 25 07:41:22 UTC 2010
100,Sat Sep 25 07:41:22 UTC 2010,茂名,7,Sat Sep 25 07:41:22 UTC 2010
101,Sat Sep 25 07:41:22 UTC 2010,梅州,7,Sat Sep 25 07:41:22 UTC 2010
102,Sat Sep 25 07:41:22 UTC 2010,清远,7,Sat Sep 25 07:41:22 UTC 2010
103,Sat Sep 25 07:41:22 UTC 2010,汕头,7,Sat Sep 25 07:41:22 UTC 2010
104,Sat Sep 25 07:41:22 UTC 2010,汕尾,7,Sat Sep 25 07:41:22 UTC 2010
105,Sat Sep 25 07:41:22 UTC 2010,韶关,7,Sat Sep 25 07:41:22 UTC 2010
106,Sat Sep 25 07:41:22 UTC 2010,深圳,7,Sat Sep 25 07:41:22 UTC 2010
107,Sat Sep 25 07:41:22 UTC 2010,顺德,7,Sat Sep 25 07:41:22 UTC 2010
108,Sat Sep 25 07:41:22 UTC 2010,阳江,7,Sat Sep 25 07:41:22 UTC 2010
109,Sat Sep 25 07:41:22 UTC 2010,英德,7,Sat Sep 25 07:41:22 UTC 2010
110,Sat Sep 25 07:41:22 UTC 2010,云浮,7,Sat Sep 25 07:41:22 UTC 2010
111,Sat Sep 25 07:41:22 UTC 2010,增城,7,Sat Sep 25 07:41:22 UTC 2010
112,Sat Sep 25 07:41:22 UTC 2010,湛江,7,Sat Sep 25 07:41:22 UTC 2010
113,Sat Sep 25 07:41:22 UTC 2010,肇庆,7,Sat Sep 25 07:41:22 UTC 2010
114,Sat Sep 25 07:41:22 UTC 2010,中山,7,Sat Sep 25 07:41:22 UTC 2010
115,Sat Sep 25 07:41:22 UTC 2010,珠海,7,Sat Sep 25 07:41:22 UTC 2010
116,Sat Sep 25 07:41:22 UTC 2010,南宁,8,Sat Sep 25 07:41:22 UTC 2010
117,Sat Sep 25 07:41:22 UTC 2010,百色,8,Sat Sep 25 07:41:22 UTC 2010
118,Sat Sep 25 07:41:22 UTC 2010,北海,8,Sat Sep 25 07:41:22 UTC 2010
119,Sat Sep 25 07:41:22 UTC 2010,桂林,8,Sat Sep 25 07:41:22 UTC 2010
120,Sat Sep 25 07:41:22 UTC 2010,防城港,8,Sat Sep 25 07:41:22 UTC 2010
121,Sat Sep 25 07:41:22 UTC 2010,河池,8,Sat Sep 25 07:41:22 UTC 2010
122,Sat Sep 25 07:41:22 UTC 2010,贺州,8,Sat Sep 25 07:41:22 UTC 2010
123,Sat Sep 25 07:41:22 UTC 2010,柳州,8,Sat Sep 25 07:41:22 UTC 2010
124,Sat Sep 25 07:41:22 UTC 2010,钦州,8,Sat Sep 25 07:41:22 UTC 2010
125,Sat Sep 25 07:41:22 UTC 2010,梧州,8,Sat Sep 25 07:41:22 UTC 2010
126,Sat Sep 25 07:41:22 UTC 2010,玉林,8,Sat Sep 25 07:41:22 UTC 2010
127,Sat Sep 25 07:41:22 UTC 2010,贵阳,9,Sat Sep 25 07:41:22 UTC 2010
128,Sat Sep 25 07:41:22 UTC 2010,安顺,9,Sat Sep 25 07:41:22 UTC 2010
129,Sat Sep 25 07:41:22 UTC 2010,毕节,9,Sat Sep 25 07:41:22 UTC 2010
130,Sat Sep 25 07:41:22 UTC 2010,都匀,9,Sat Sep 25 07:41:22 UTC 2010
131,Sat Sep 25 07:41:22 UTC 2010,凯里,9,Sat Sep 25 07:41:22 UTC 2010
132,Sat Sep 25 07:41:22 UTC 2010,六盘水,9,Sat Sep 25 07:41:22 UTC 2010
133,Sat Sep 25 07:41:22 UTC 2010,铜仁,9,Sat Sep 25 07:41:22 UTC 2010
134,Sat Sep 25 07:41:22 UTC 2010,兴义,9,Sat Sep 25 07:41:22 UTC 2010
135,Sat Sep 25 07:41:22 UTC 2010,玉屏,9,Sat Sep 25 07:41:22 UTC 2010
136,Sat Sep 25 07:41:22 UTC 2010,遵义,9,Sat Sep 25 07:41:22 UTC 2010
137,Sat Sep 25 07:41:22 UTC 2010,海口,10,Sat Sep 25 07:41:22 UTC 2010
138,Sat Sep 25 07:41:22 UTC 2010,儋县,10,Sat Sep 25 07:41:22 UTC 2010
139,Sat Sep 25 07:41:22 UTC 2010,陵水,10,Sat Sep 25 07:41:22 UTC 2010
140,Sat Sep 25 07:41:22 UTC 2010,琼海,10,Sat Sep 25 07:41:22 UTC 2010
141,Sat Sep 25 07:41:22 UTC 2010,三亚,10,Sat Sep 25 07:41:22 UTC 2010
142,Sat Sep 25 07:41:22 UTC 2010,五指山,10,Sat Sep 25 07:41:22 UTC 2010
143,Sat Sep 25 07:41:22 UTC 2010,万宁,10,Sat Sep 25 07:41:22 UTC 2010
144,Sat Sep 25 07:41:22 UTC 2010,石家庄,11,Sat Sep 25 07:41:22 UTC 2010
145,Sat Sep 25 07:41:22 UTC 2010,保定,11,Sat Sep 25 07:41:22 UTC 2010
146,Sat Sep 25 07:41:22 UTC 2010,北戴河,11,Sat Sep 25 07:41:22 UTC 2010
147,Sat Sep 25 07:41:22 UTC 2010,沧州,11,Sat Sep 25 07:41:22 UTC 2010
148,Sat Sep 25 07:41:22 UTC 2010,承德,11,Sat Sep 25 07:41:22 UTC 2010
149,Sat Sep 25 07:41:22 UTC 2010,丰润,11,Sat Sep 25 07:41:22 UTC 2010
150,Sat Sep 25 07:41:22 UTC 2010,邯郸,11,Sat Sep 25 07:41:22 UTC 2010
151,Sat Sep 25 07:41:22 UTC 2010,衡水,11,Sat Sep 25 07:41:22 UTC 2010
152,Sat Sep 25 07:41:22 UTC 2010,廊坊,11,Sat Sep 25 07:41:22 UTC 2010
153,Sat Sep 25 07:41:22 UTC 2010,南戴河,11,Sat Sep 25 07:41:22 UTC 2010
154,Sat Sep 25 07:41:22 UTC 2010,秦皇岛,11,Sat Sep 25 07:41:22 UTC 2010
155,Sat Sep 25 07:41:22 UTC 2010,唐山,11,Sat Sep 25 07:41:22 UTC 2010
156,Sat Sep 25 07:41:22 UTC 2010,新城,11,Sat Sep 25 07:41:22 UTC 2010
157,Sat Sep 25 07:41:22 UTC 2010,邢台,11,Sat Sep 25 07:41:22 UTC 2010
158,Sat Sep 25 07:41:22 UTC 2010,张家口,11,Sat Sep 25 07:41:22 UTC 2010
159,Sat Sep 25 07:41:22 UTC 2010,哈尔滨,12,Sat Sep 25 07:41:22 UTC 2010
160,Sat Sep 25 07:41:22 UTC 2010,北安,12,Sat Sep 25 07:41:22 UTC 2010
161,Sat Sep 25 07:41:22 UTC 2010,大庆,12,Sat Sep 25 07:41:22 UTC 2010
162,Sat Sep 25 07:41:22 UTC 2010,大兴安岭,12,Sat Sep 25 07:41:22 UTC 2010
163,Sat Sep 25 07:41:22 UTC 2010,鹤岗,12,Sat Sep 25 07:41:22 UTC 2010
164,Sat Sep 25 07:41:22 UTC 2010,黑河,12,Sat Sep 25 07:41:22 UTC 2010
165,Sat Sep 25 07:41:22 UTC 2010,佳木斯,12,Sat Sep 25 07:41:22 UTC 2010
166,Sat Sep 25 07:41:22 UTC 2010,鸡西,12,Sat Sep 25 07:41:22 UTC 2010
167,Sat Sep 25 07:41:22 UTC 2010,牡丹江,12,Sat Sep 25 07:41:22 UTC 2010
168,Sat Sep 25 07:41:22 UTC 2010,齐齐哈尔,12,Sat Sep 25 07:41:22 UTC 2010
169,Sat Sep 25 07:41:22 UTC 2010,七台河,12,Sat Sep 25 07:41:22 UTC 2010
170,Sat Sep 25 07:41:22 UTC 2010,双鸭山,12,Sat Sep 25 07:41:22 UTC 2010
171,Sat Sep 25 07:41:22 UTC 2010,绥化,12,Sat Sep 25 07:41:22 UTC 2010
172,Sat Sep 25 07:41:22 UTC 2010,伊春,12,Sat Sep 25 07:41:22 UTC 2010
173,Sat Sep 25 07:41:22 UTC 2010,郑州,13,Sat Sep 25 07:41:22 UTC 2010
174,Sat Sep 25 07:41:22 UTC 2010,安阳,13,Sat Sep 25 07:41:22 UTC 2010
175,Sat Sep 25 07:41:22 UTC 2010,鹤壁,13,Sat Sep 25 07:41:22 UTC 2010
176,Sat Sep 25 07:41:22 UTC 2010,潢川,13,Sat Sep 25 07:41:22 UTC 2010
177,Sat Sep 25 07:41:22 UTC 2010,焦作,13,Sat Sep 25 07:41:22 UTC 2010
178,Sat Sep 25 07:41:22 UTC 2010,济源,13,Sat Sep 25 07:41:22 UTC 2010
179,Sat Sep 25 07:41:22 UTC 2010,开封,13,Sat Sep 25 07:41:22 UTC 2010
180,Sat Sep 25 07:41:22 UTC 2010,漯河,13,Sat Sep 25 07:41:22 UTC 2010
181,Sat Sep 25 07:41:22 UTC 2010,洛阳,13,Sat Sep 25 07:41:22 UTC 2010
182,Sat Sep 25 07:41:22 UTC 2010,南阳,13,Sat Sep 25 07:41:22 UTC 2010
183,Sat Sep 25 07:41:22 UTC 2010,平顶山,13,Sat Sep 25 07:41:22 UTC 2010
184,Sat Sep 25 07:41:22 UTC 2010,濮阳,13,Sat Sep 25 07:41:22 UTC 2010
185,Sat Sep 25 07:41:22 UTC 2010,三门峡,13,Sat Sep 25 07:41:22 UTC 2010
186,Sat Sep 25 07:41:22 UTC 2010,商丘,13,Sat Sep 25 07:41:22 UTC 2010
187,Sat Sep 25 07:41:22 UTC 2010,新乡,13,Sat Sep 25 07:41:22 UTC 2010
188,Sat Sep 25 07:41:22 UTC 2010,信阳,13,Sat Sep 25 07:41:22 UTC 2010
189,Sat Sep 25 07:41:22 UTC 2010,许昌,13,Sat Sep 25 07:41:22 UTC 2010
190,Sat Sep 25 07:41:22 UTC 2010,周口,13,Sat Sep 25 07:41:22 UTC 2010
191,Sat Sep 25 07:41:22 UTC 2010,驻马店,13,Sat Sep 25 07:41:22 UTC 2010
192,Sat Sep 25 07:41:22 UTC 2010,武汉,14,Sat Sep 25 07:41:22 UTC 2010
193,Sat Sep 25 07:41:22 UTC 2010,恩施,14,Sat Sep 25 07:41:22 UTC 2010
194,Sat Sep 25 07:41:22 UTC 2010,鄂州,14,Sat Sep 25 07:41:22 UTC 2010
195,Sat Sep 25 07:41:22 UTC 2010,黄冈,14,Sat Sep 25 07:41:22 UTC 2010
196,Sat Sep 25 07:41:22 UTC 2010,黄石,14,Sat Sep 25 07:41:22 UTC 2010
197,Sat Sep 25 07:41:22 UTC 2010,荆门,14,Sat Sep 25 07:41:22 UTC 2010
198,Sat Sep 25 07:41:22 UTC 2010,荆州,14,Sat Sep 25 07:41:22 UTC 2010
199,Sat Sep 25 07:41:22 UTC 2010,潜江,14,Sat Sep 25 07:41:22 UTC 2010
200,Sat Sep 25 07:41:22 UTC 2010,十堰,14,Sat Sep 25 07:41:22 UTC 2010
201,Sat Sep 25 07:41:22 UTC 2010,随州,14,Sat Sep 25 07:41:22 UTC 2010
202,Sat Sep 25 07:41:22 UTC 2010,武穴,14,Sat Sep 25 07:41:22 UTC 2010
203,Sat Sep 25 07:41:22 UTC 2010,仙桃,14,Sat Sep 25 07:41:22 UTC 2010
204,Sat Sep 25 07:41:23 UTC 2010,咸宁,14,Sat Sep 25 07:41:23 UTC 2010
205,Sat Sep 25 07:41:23 UTC 2010,襄阳,14,Sat Sep 25 07:41:23 UTC 2010
206,Sat Sep 25 07:41:23 UTC 2010,襄樊,14,Sat Sep 25 07:41:23 UTC 2010
207,Sat Sep 25 07:41:23 UTC 2010,孝感,14,Sat Sep 25 07:41:23 UTC 2010
208,Sat Sep 25 07:41:23 UTC 2010,宜昌,14,Sat Sep 25 07:41:23 UTC 2010
209,Sat Sep 25 07:41:23 UTC 2010,长沙,15,Sat Sep 25 07:41:23 UTC 2010
210,Sat Sep 25 07:41:23 UTC 2010,常德,15,Sat Sep 25 07:41:23 UTC 2010
211,Sat Sep 25 07:41:23 UTC 2010,郴州,15,Sat Sep 25 07:41:23 UTC 2010
212,Sat Sep 25 07:41:23 UTC 2010,衡阳,15,Sat Sep 25 07:41:23 UTC 2010
213,Sat Sep 25 07:41:23 UTC 2010,怀化,15,Sat Sep 25 07:41:23 UTC 2010
214,Sat Sep 25 07:41:23 UTC 2010,吉首,15,Sat Sep 25 07:41:23 UTC 2010
215,Sat Sep 25 07:41:23 UTC 2010,娄底,15,Sat Sep 25 07:41:23 UTC 2010
216,Sat Sep 25 07:41:23 UTC 2010,邵阳,15,Sat Sep 25 07:41:23 UTC 2010
217,Sat Sep 25 07:41:23 UTC 2010,湘潭,15,Sat Sep 25 07:41:23 UTC 2010
218,Sat Sep 25 07:41:23 UTC 2010,益阳,15,Sat Sep 25 07:41:23 UTC 2010
219,Sat Sep 25 07:41:23 UTC 2010,岳阳,15,Sat Sep 25 07:41:23 UTC 2010
220,Sat Sep 25 07:41:23 UTC 2010,永州,15,Sat Sep 25 07:41:23 UTC 2010
221,Sat Sep 25 07:41:23 UTC 2010,张家界,15,Sat Sep 25 07:41:23 UTC 2010
222,Sat Sep 25 07:41:23 UTC 2010,株洲,15,Sat Sep 25 07:41:23 UTC 2010
223,Sat Sep 25 07:41:23 UTC 2010,南京,16,Sat Sep 25 07:41:23 UTC 2010
224,Sat Sep 25 07:41:23 UTC 2010,常熟,16,Sat Sep 25 07:41:23 UTC 2010
225,Sat Sep 25 07:41:23 UTC 2010,常州,16,Sat Sep 25 07:41:23 UTC 2010
226,Sat Sep 25 07:41:23 UTC 2010,海门,16,Sat Sep 25 07:41:23 UTC 2010
227,Sat Sep 25 07:41:23 UTC 2010,淮安,16,Sat Sep 25 07:41:23 UTC 2010
228,Sat Sep 25 07:41:23 UTC 2010,江都,16,Sat Sep 25 07:41:23 UTC 2010
229,Sat Sep 25 07:41:23 UTC 2010,江阴,16,Sat Sep 25 07:41:23 UTC 2010
230,Sat Sep 25 07:41:23 UTC 2010,昆山,16,Sat Sep 25 07:41:23 UTC 2010
231,Sat Sep 25 07:41:23 UTC 2010,连云港,16,Sat Sep 25 07:41:23 UTC 2010
232,Sat Sep 25 07:41:23 UTC 2010,南通,16,Sat Sep 25 07:41:23 UTC 2010
233,Sat Sep 25 07:41:23 UTC 2010,启东,16,Sat Sep 25 07:41:23 UTC 2010
234,Sat Sep 25 07:41:23 UTC 2010,沭阳,16,Sat Sep 25 07:41:23 UTC 2010
235,Sat Sep 25 07:41:23 UTC 2010,宿迁,16,Sat Sep 25 07:41:23 UTC 2010
236,Sat Sep 25 07:41:23 UTC 2010,苏州,16,Sat Sep 25 07:41:23 UTC 2010
237,Sat Sep 25 07:41:23 UTC 2010,太仓,16,Sat Sep 25 07:41:23 UTC 2010
238,Sat Sep 25 07:41:23 UTC 2010,泰州,16,Sat Sep 25 07:41:23 UTC 2010
239,Sat Sep 25 07:41:23 UTC 2010,同里,16,Sat Sep 25 07:41:23 UTC 2010
240,Sat Sep 25 07:41:23 UTC 2010,无锡,16,Sat Sep 25 07:41:23 UTC 2010
241,Sat Sep 25 07:41:23 UTC 2010,徐州,16,Sat Sep 25 07:41:23 UTC 2010
242,Sat Sep 25 07:41:23 UTC 2010,盐城,16,Sat Sep 25 07:41:23 UTC 2010
243,Sat Sep 25 07:41:23 UTC 2010,扬州,16,Sat Sep 25 07:41:23 UTC 2010
244,Sat Sep 25 07:41:23 UTC 2010,宜兴,16,Sat Sep 25 07:41:23 UTC 2010
245,Sat Sep 25 07:41:23 UTC 2010,仪征,16,Sat Sep 25 07:41:23 UTC 2010
246,Sat Sep 25 07:41:23 UTC 2010,张家港,16,Sat Sep 25 07:41:23 UTC 2010
247,Sat Sep 25 07:41:23 UTC 2010,镇江,16,Sat Sep 25 07:41:23 UTC 2010
248,Sat Sep 25 07:41:23 UTC 2010,周庄,16,Sat Sep 25 07:41:23 UTC 2010
249,Sat Sep 25 07:41:23 UTC 2010,南昌,17,Sat Sep 25 07:41:23 UTC 2010
250,Sat Sep 25 07:41:23 UTC 2010,抚州,17,Sat Sep 25 07:41:23 UTC 2010
251,Sat Sep 25 07:41:23 UTC 2010,赣州,17,Sat Sep 25 07:41:23 UTC 2010
252,Sat Sep 25 07:41:23 UTC 2010,吉安,17,Sat Sep 25 07:41:23 UTC 2010
253,Sat Sep 25 07:41:23 UTC 2010,景德镇,17,Sat Sep 25 07:41:23 UTC 2010
254,Sat Sep 25 07:41:23 UTC 2010,井冈山,17,Sat Sep 25 07:41:23 UTC 2010
255,Sat Sep 25 07:41:23 UTC 2010,九江,17,Sat Sep 25 07:41:23 UTC 2010
256,Sat Sep 25 07:41:23 UTC 2010,庐山,17,Sat Sep 25 07:41:23 UTC 2010
257,Sat Sep 25 07:41:23 UTC 2010,萍乡,17,Sat Sep 25 07:41:23 UTC 2010
258,Sat Sep 25 07:41:23 UTC 2010,上饶,17,Sat Sep 25 07:41:23 UTC 2010
259,Sat Sep 25 07:41:23 UTC 2010,新余,17,Sat Sep 25 07:41:23 UTC 2010
260,Sat Sep 25 07:41:23 UTC 2010,宜春,17,Sat Sep 25 07:41:23 UTC 2010
261,Sat Sep 25 07:41:23 UTC 2010,鹰潭,17,Sat Sep 25 07:41:23 UTC 2010
262,Sat Sep 25 07:41:23 UTC 2010,长春,18,Sat Sep 25 07:41:23 UTC 2010
263,Sat Sep 25 07:41:23 UTC 2010,白城,18,Sat Sep 25 07:41:23 UTC 2010
264,Sat Sep 25 07:41:23 UTC 2010,白山,18,Sat Sep 25 07:41:23 UTC 2010
265,Sat Sep 25 07:41:23 UTC 2010,珲春,18,Sat Sep 25 07:41:23 UTC 2010
266,Sat Sep 25 07:41:23 UTC 2010,辽源,18,Sat Sep 25 07:41:23 UTC 2010
267,Sat Sep 25 07:41:23 UTC 2010,梅河,18,Sat Sep 25 07:41:23 UTC 2010
268,Sat Sep 25 07:41:23 UTC 2010,吉林,18,Sat Sep 25 07:41:23 UTC 2010
269,Sat Sep 25 07:41:23 UTC 2010,四平,18,Sat Sep 25 07:41:23 UTC 2010
270,Sat Sep 25 07:41:23 UTC 2010,松原,18,Sat Sep 25 07:41:23 UTC 2010
271,Sat Sep 25 07:41:23 UTC 2010,通化,18,Sat Sep 25 07:41:23 UTC 2010
272,Sat Sep 25 07:41:23 UTC 2010,延吉,18,Sat Sep 25 07:41:23 UTC 2010
273,Sat Sep 25 07:41:23 UTC 2010,沈阳,19,Sat Sep 25 07:41:23 UTC 2010
274,Sat Sep 25 07:41:23 UTC 2010,鞍山,19,Sat Sep 25 07:41:23 UTC 2010
275,Sat Sep 25 07:41:23 UTC 2010,本溪,19,Sat Sep 25 07:41:23 UTC 2010
276,Sat Sep 25 07:41:23 UTC 2010,朝阳,19,Sat Sep 25 07:41:23 UTC 2010
277,Sat Sep 25 07:41:23 UTC 2010,大连,19,Sat Sep 25 07:41:23 UTC 2010
278,Sat Sep 25 07:41:23 UTC 2010,丹东,19,Sat Sep 25 07:41:23 UTC 2010
279,Sat Sep 25 07:41:23 UTC 2010,抚顺,19,Sat Sep 25 07:41:23 UTC 2010
280,Sat Sep 25 07:41:23 UTC 2010,阜新,19,Sat Sep 25 07:41:23 UTC 2010
281,Sat Sep 25 07:41:23 UTC 2010,葫芦岛,19,Sat Sep 25 07:41:23 UTC 2010
282,Sat Sep 25 07:41:23 UTC 2010,锦州,19,Sat Sep 25 07:41:23 UTC 2010
283,Sat Sep 25 07:41:23 UTC 2010,辽阳,19,Sat Sep 25 07:41:23 UTC 2010
284,Sat Sep 25 07:41:23 UTC 2010,盘锦,19,Sat Sep 25 07:41:23 UTC 2010
285,Sat Sep 25 07:41:23 UTC 2010,铁岭,19,Sat Sep 25 07:41:23 UTC 2010
286,Sat Sep 25 07:41:23 UTC 2010,营口,19,Sat Sep 25 07:41:23 UTC 2010
287,Sat Sep 25 07:41:23 UTC 2010,呼和浩特,20,Sat Sep 25 07:41:23 UTC 2010
288,Sat Sep 25 07:41:23 UTC 2010,阿拉善盟,20,Sat Sep 25 07:41:23 UTC 2010
289,Sat Sep 25 07:41:23 UTC 2010,包头,20,Sat Sep 25 07:41:23 UTC 2010
290,Sat Sep 25 07:41:23 UTC 2010,赤峰,20,Sat Sep 25 07:41:23 UTC 2010
291,Sat Sep 25 07:41:23 UTC 2010,东胜,20,Sat Sep 25 07:41:23 UTC 2010
292,Sat Sep 25 07:41:23 UTC 2010,海拉尔,20,Sat Sep 25 07:41:23 UTC 2010
293,Sat Sep 25 07:41:23 UTC 2010,集宁,20,Sat Sep 25 07:41:23 UTC 2010
294,Sat Sep 25 07:41:23 UTC 2010,临河,20,Sat Sep 25 07:41:23 UTC 2010
295,Sat Sep 25 07:41:23 UTC 2010,通辽,20,Sat Sep 25 07:41:23 UTC 2010
296,Sat Sep 25 07:41:23 UTC 2010,乌海,20,Sat Sep 25 07:41:23 UTC 2010
297,Sat Sep 25 07:41:23 UTC 2010,乌兰浩特,20,Sat Sep 25 07:41:23 UTC 2010
298,Sat Sep 25 07:41:23 UTC 2010,锡林浩特,20,Sat Sep 25 07:41:23 UTC 2010
299,Sat Sep 25 07:41:23 UTC 2010,银川,21,Sat Sep 25 07:41:23 UTC 2010
300,Sat Sep 25 07:41:23 UTC 2010,固原,21,Sat Sep 25 07:41:23 UTC 2010
301,Sat Sep 25 07:41:23 UTC 2010,石嘴山,21,Sat Sep 25 07:41:23 UTC 2010
302,Sat Sep 25 07:41:23 UTC 2010,吴忠,21,Sat Sep 25 07:41:23 UTC 2010
303,Sat Sep 25 07:41:23 UTC 2010, 西宁,22,Sat Sep 25 07:41:23 UTC 2010
304,Sat Sep 25 07:41:23 UTC 2010,德令哈,22,Sat Sep 25 07:41:23 UTC 2010
305,Sat Sep 25 07:41:23 UTC 2010,格尔木,22,Sat Sep 25 07:41:23 UTC 2010
306,Sat Sep 25 07:41:23 UTC 2010,共和,22,Sat Sep 25 07:41:23 UTC 2010
307,Sat Sep 25 07:41:23 UTC 2010,海东,22,Sat Sep 25 07:41:23 UTC 2010
308,Sat Sep 25 07:41:23 UTC 2010,海晏,22,Sat Sep 25 07:41:23 UTC 2010
309,Sat Sep 25 07:41:23 UTC 2010,玛沁,22,Sat Sep 25 07:41:23 UTC 2010
310,Sat Sep 25 07:41:23 UTC 2010,同仁,22,Sat Sep 25 07:41:23 UTC 2010
311,Sat Sep 25 07:41:23 UTC 2010,玉树,22,Sat Sep 25 07:41:23 UTC 2010
312,Sat Sep 25 07:41:23 UTC 2010,济南,23,Sat Sep 25 07:41:23 UTC 2010
313,Sat Sep 25 07:41:23 UTC 2010,滨州,23,Sat Sep 25 07:41:23 UTC 2010
314,Sat Sep 25 07:41:23 UTC 2010,兖州,23,Sat Sep 25 07:41:23 UTC 2010
315,Sat Sep 25 07:41:23 UTC 2010,德州,23,Sat Sep 25 07:41:23 UTC 2010
316,Sat Sep 25 07:41:23 UTC 2010,东营,23,Sat Sep 25 07:41:23 UTC 2010
317,Sat Sep 25 07:41:23 UTC 2010,菏泽,23,Sat Sep 25 07:41:23 UTC 2010
318,Sat Sep 25 07:41:23 UTC 2010,济宁,23,Sat Sep 25 07:41:23 UTC 2010
319,Sat Sep 25 07:41:23 UTC 2010,莱芜,23,Sat Sep 25 07:41:23 UTC 2010
320,Sat Sep 25 07:41:23 UTC 2010,聊城,23,Sat Sep 25 07:41:23 UTC 2010
321,Sat Sep 25 07:41:23 UTC 2010,临沂,23,Sat Sep 25 07:41:23 UTC 2010
322,Sat Sep 25 07:41:23 UTC 2010,蓬莱,23,Sat Sep 25 07:41:23 UTC 2010
323,Sat Sep 25 07:41:23 UTC 2010,青岛,23,Sat Sep 25 07:41:23 UTC 2010
324,Sat Sep 25 07:41:23 UTC 2010,曲阜,23,Sat Sep 25 07:41:23 UTC 2010
325,Sat Sep 25 07:41:23 UTC 2010,日照,23,Sat Sep 25 07:41:23 UTC 2010
326,Sat Sep 25 07:41:23 UTC 2010,泰安,23,Sat Sep 25 07:41:23 UTC 2010
327,Sat Sep 25 07:41:23 UTC 2010,潍坊,23,Sat Sep 25 07:41:23 UTC 2010
328,Sat Sep 25 07:41:23 UTC 2010,威海,23,Sat Sep 25 07:41:23 UTC 2010
329,Sat Sep 25 07:41:23 UTC 2010,烟台,23,Sat Sep 25 07:41:23 UTC 2010
330,Sat Sep 25 07:41:23 UTC 2010,枣庄,23,Sat Sep 25 07:41:23 UTC 2010
331,Sat Sep 25 07:41:23 UTC 2010,淄博,23,Sat Sep 25 07:41:23 UTC 2010
332,Sat Sep 25 07:41:23 UTC 2010,上海,24,Sat Sep 25 07:41:23 UTC 2010
333,Sat Sep 25 07:41:23 UTC 2010,崇明,24,Sat Sep 25 07:41:23 UTC 2010
334,Sat Sep 25 07:41:23 UTC 2010,朱家角,24,Sat Sep 25 07:41:23 UTC 2010
335,Sat Sep 25 07:41:23 UTC 2010,太原,25,Sat Sep 25 07:41:23 UTC 2010
336,Sat Sep 25 07:41:23 UTC 2010,长治,25,Sat Sep 25 07:41:23 UTC 2010
337,Sat Sep 25 07:41:23 UTC 2010,大同,25,Sat Sep 25 07:41:23 UTC 2010
338,Sat Sep 25 07:41:23 UTC 2010,候马,25,Sat Sep 25 07:41:23 UTC 2010
339,Sat Sep 25 07:41:23 UTC 2010,晋城,25,Sat Sep 25 07:41:23 UTC 2010
340,Sat Sep 25 07:41:23 UTC 2010,离石,25,Sat Sep 25 07:41:23 UTC 2010
341,Sat Sep 25 07:41:23 UTC 2010,临汾,25,Sat Sep 25 07:41:23 UTC 2010
342,Sat Sep 25 07:41:23 UTC 2010,宁武,25,Sat Sep 25 07:41:23 UTC 2010
343,Sat Sep 25 07:41:23 UTC 2010,朔州,25,Sat Sep 25 07:41:23 UTC 2010
344,Sat Sep 25 07:41:23 UTC 2010,忻州,25,Sat Sep 25 07:41:23 UTC 2010
345,Sat Sep 25 07:41:23 UTC 2010,阳泉,25,Sat Sep 25 07:41:23 UTC 2010
346,Sat Sep 25 07:41:23 UTC 2010,榆次,25,Sat Sep 25 07:41:23 UTC 2010
347,Sat Sep 25 07:41:23 UTC 2010,运城,25,Sat Sep 25 07:41:23 UTC 2010
348,Sat Sep 25 07:41:23 UTC 2010,西安,26,Sat Sep 25 07:41:23 UTC 2010
349,Sat Sep 25 07:41:23 UTC 2010,安康,26,Sat Sep 25 07:41:23 UTC 2010
350,Sat Sep 25 07:41:23 UTC 2010,宝鸡,26,Sat Sep 25 07:41:23 UTC 2010
351,Sat Sep 25 07:41:23 UTC 2010,汉中,26,Sat Sep 25 07:41:23 UTC 2010
352,Sat Sep 25 07:41:24 UTC 2010,渭南,26,Sat Sep 25 07:41:24 UTC 2010
353,Sat Sep 25 07:41:24 UTC 2010,商州,26,Sat Sep 25 07:41:24 UTC 2010
354,Sat Sep 25 07:41:24 UTC 2010,绥德,26,Sat Sep 25 07:41:24 UTC 2010
355,Sat Sep 25 07:41:24 UTC 2010,铜川,26,Sat Sep 25 07:41:24 UTC 2010
356,Sat Sep 25 07:41:24 UTC 2010,咸阳,26,Sat Sep 25 07:41:24 UTC 2010
357,Sat Sep 25 07:41:24 UTC 2010,延安,26,Sat Sep 25 07:41:24 UTC 2010
358,Sat Sep 25 07:41:24 UTC 2010,榆林,26,Sat Sep 25 07:41:24 UTC 2010
359,Sat Sep 25 07:41:24 UTC 2010,成都,27,Sat Sep 25 07:41:24 UTC 2010
360,Sat Sep 25 07:41:24 UTC 2010,巴中,27,Sat Sep 25 07:41:24 UTC 2010
361,Sat Sep 25 07:41:24 UTC 2010,达州,27,Sat Sep 25 07:41:24 UTC 2010
362,Sat Sep 25 07:41:24 UTC 2010,德阳,27,Sat Sep 25 07:41:24 UTC 2010
363,Sat Sep 25 07:41:24 UTC 2010,都江堰,27,Sat Sep 25 07:41:24 UTC 2010
364,Sat Sep 25 07:41:24 UTC 2010,峨眉山,27,Sat Sep 25 07:41:24 UTC 2010
365,Sat Sep 25 07:41:24 UTC 2010,广安,27,Sat Sep 25 07:41:24 UTC 2010
366,Sat Sep 25 07:41:24 UTC 2010,广元,27,Sat Sep 25 07:41:24 UTC 2010
367,Sat Sep 25 07:41:24 UTC 2010,九寨沟,27,Sat Sep 25 07:41:24 UTC 2010
368,Sat Sep 25 07:41:24 UTC 2010,康定,27,Sat Sep 25 07:41:24 UTC 2010
369,Sat Sep 25 07:41:24 UTC 2010,乐山,27,Sat Sep 25 07:41:24 UTC 2010
370,Sat Sep 25 07:41:24 UTC 2010,泸州,27,Sat Sep 25 07:41:24 UTC 2010
371,Sat Sep 25 07:41:24 UTC 2010,马尔康,27,Sat Sep 25 07:41:24 UTC 2010
372,Sat Sep 25 07:41:24 UTC 2010,绵阳,27,Sat Sep 25 07:41:24 UTC 2010
373,Sat Sep 25 07:41:24 UTC 2010,眉山,27,Sat Sep 25 07:41:24 UTC 2010
374,Sat Sep 25 07:41:24 UTC 2010,南充,27,Sat Sep 25 07:41:24 UTC 2010
375,Sat Sep 25 07:41:24 UTC 2010,内江,27,Sat Sep 25 07:41:24 UTC 2010
376,Sat Sep 25 07:41:24 UTC 2010,攀枝花,27,Sat Sep 25 07:41:24 UTC 2010
377,Sat Sep 25 07:41:24 UTC 2010,遂宁,27,Sat Sep 25 07:41:24 UTC 2010
378,Sat Sep 25 07:41:24 UTC 2010,汶川,27,Sat Sep 25 07:41:24 UTC 2010
379,Sat Sep 25 07:41:24 UTC 2010,西昌,27,Sat Sep 25 07:41:24 UTC 2010
380,Sat Sep 25 07:41:24 UTC 2010,雅安,27,Sat Sep 25 07:41:24 UTC 2010
381,Sat Sep 25 07:41:24 UTC 2010,宜宾,27,Sat Sep 25 07:41:24 UTC 2010
382,Sat Sep 25 07:41:24 UTC 2010,自贡,27,Sat Sep 25 07:41:24 UTC 2010
383,Sat Sep 25 07:41:24 UTC 2010,资阳,27,Sat Sep 25 07:41:24 UTC 2010
384,Sat Sep 25 07:41:24 UTC 2010,天津,28,Sat Sep 25 07:41:24 UTC 2010
385,Sat Sep 25 07:41:24 UTC 2010,乌鲁木齐,29,Sat Sep 25 07:41:24 UTC 2010
386,Sat Sep 25 07:41:24 UTC 2010,阿克苏,29,Sat Sep 25 07:41:24 UTC 2010
387,Sat Sep 25 07:41:24 UTC 2010,阿勒泰,29,Sat Sep 25 07:41:24 UTC 2010
388,Sat Sep 25 07:41:24 UTC 2010,阿图什,29,Sat Sep 25 07:41:24 UTC 2010
389,Sat Sep 25 07:41:24 UTC 2010,博乐,29,Sat Sep 25 07:41:24 UTC 2010
390,Sat Sep 25 07:41:24 UTC 2010,昌吉,29,Sat Sep 25 07:41:24 UTC 2010
391,Sat Sep 25 07:41:24 UTC 2010,东山,29,Sat Sep 25 07:41:24 UTC 2010
392,Sat Sep 25 07:41:24 UTC 2010,哈密,29,Sat Sep 25 07:41:24 UTC 2010
393,Sat Sep 25 07:41:24 UTC 2010,和田,29,Sat Sep 25 07:41:24 UTC 2010
394,Sat Sep 25 07:41:24 UTC 2010,喀什,29,Sat Sep 25 07:41:24 UTC 2010
395,Sat Sep 25 07:41:24 UTC 2010,克拉玛依,29,Sat Sep 25 07:41:24 UTC 2010
396,Sat Sep 25 07:41:24 UTC 2010,库车,29,Sat Sep 25 07:41:24 UTC 2010
397,Sat Sep 25 07:41:24 UTC 2010,库尔勒,29,Sat Sep 25 07:41:24 UTC 2010
398,Sat Sep 25 07:41:24 UTC 2010,奎屯,29,Sat Sep 25 07:41:24 UTC 2010
399,Sat Sep 25 07:41:24 UTC 2010,石河子,29,Sat Sep 25 07:41:24 UTC 2010
400,Sat Sep 25 07:41:24 UTC 2010,塔城,29,Sat Sep 25 07:41:24 UTC 2010
401,Sat Sep 25 07:41:24 UTC 2010,吐鲁番,29,Sat Sep 25 07:41:24 UTC 2010
402,Sat Sep 25 07:41:24 UTC 2010,伊宁,29,Sat Sep 25 07:41:24 UTC 2010
403,Sat Sep 25 07:41:24 UTC 2010,拉萨,30,Sat Sep 25 07:41:24 UTC 2010
404,Sat Sep 25 07:41:24 UTC 2010,阿里,30,Sat Sep 25 07:41:24 UTC 2010
405,Sat Sep 25 07:41:24 UTC 2010,昌都,30,Sat Sep 25 07:41:24 UTC 2010
406,Sat Sep 25 07:41:24 UTC 2010,林芝,30,Sat Sep 25 07:41:24 UTC 2010
407,Sat Sep 25 07:41:24 UTC 2010,那曲,30,Sat Sep 25 07:41:24 UTC 2010
408,Sat Sep 25 07:41:24 UTC 2010,日喀则,30,Sat Sep 25 07:41:24 UTC 2010
409,Sat Sep 25 07:41:24 UTC 2010,山南,30,Sat Sep 25 07:41:24 UTC 2010
410,Sat Sep 25 07:41:24 UTC 2010,昆明,31,Sat Sep 25 07:41:24 UTC 2010
411,Sat Sep 25 07:41:24 UTC 2010,大理,31,Sat Sep 25 07:41:24 UTC 2010
412,Sat Sep 25 07:41:24 UTC 2010,保山,31,Sat Sep 25 07:41:24 UTC 2010
413,Sat Sep 25 07:41:24 UTC 2010,楚雄,31,Sat Sep 25 07:41:24 UTC 2010
414,Sat Sep 25 07:41:24 UTC 2010,东川,31,Sat Sep 25 07:41:24 UTC 2010
415,Sat Sep 25 07:41:24 UTC 2010,个旧,31,Sat Sep 25 07:41:24 UTC 2010
416,Sat Sep 25 07:41:24 UTC 2010,景洪,31,Sat Sep 25 07:41:24 UTC 2010
417,Sat Sep 25 07:41:24 UTC 2010,开远,31,Sat Sep 25 07:41:24 UTC 2010
418,Sat Sep 25 07:41:24 UTC 2010,临沧,31,Sat Sep 25 07:41:24 UTC 2010
419,Sat Sep 25 07:41:24 UTC 2010,丽江,31,Sat Sep 25 07:41:24 UTC 2010
420,Sat Sep 25 07:41:24 UTC 2010,六库,31,Sat Sep 25 07:41:24 UTC 2010
421,Sat Sep 25 07:41:24 UTC 2010,潞西,31,Sat Sep 25 07:41:24 UTC 2010
422,Sat Sep 25 07:41:24 UTC 2010,曲靖,31,Sat Sep 25 07:41:24 UTC 2010
423,Sat Sep 25 07:41:24 UTC 2010,思茅,31,Sat Sep 25 07:41:24 UTC 2010
424,Sat Sep 25 07:41:24 UTC 2010,文山,31,Sat Sep 25 07:41:24 UTC 2010
425,Sat Sep 25 07:41:24 UTC 2010,西双版纳,31,Sat Sep 25 07:41:24 UTC 2010
426,Sat Sep 25 07:41:24 UTC 2010,玉溪,31,Sat Sep 25 07:41:24 UTC 2010
427,Sat Sep 25 07:41:24 UTC 2010,中甸,31,Sat Sep 25 07:41:24 UTC 2010
428,Sat Sep 25 07:41:24 UTC 2010,昭通,31,Sat Sep 25 07:41:24 UTC 2010
429,Sat Sep 25 07:41:24 UTC 2010,杭州,32,Sat Sep 25 07:41:24 UTC 2010
430,Sat Sep 25 07:41:24 UTC 2010,安吉,32,Sat Sep 25 07:41:24 UTC 2010
431,Sat Sep 25 07:41:24 UTC 2010,慈溪,32,Sat Sep 25 07:41:24 UTC 2010
432,Sat Sep 25 07:41:24 UTC 2010,定海,32,Sat Sep 25 07:41:24 UTC 2010
433,Sat Sep 25 07:41:24 UTC 2010,奉化,32,Sat Sep 25 07:41:24 UTC 2010
434,Sat Sep 25 07:41:24 UTC 2010,海盐,32,Sat Sep 25 07:41:24 UTC 2010
435,Sat Sep 25 07:41:24 UTC 2010,黄岩,32,Sat Sep 25 07:41:24 UTC 2010
436,Sat Sep 25 07:41:24 UTC 2010,湖州,32,Sat Sep 25 07:41:24 UTC 2010
437,Sat Sep 25 07:41:24 UTC 2010,嘉兴,32,Sat Sep 25 07:41:24 UTC 2010
438,Sat Sep 25 07:41:24 UTC 2010,金华,32,Sat Sep 25 07:41:24 UTC 2010
439,Sat Sep 25 07:41:24 UTC 2010,临安,32,Sat Sep 25 07:41:24 UTC 2010
440,Sat Sep 25 07:41:24 UTC 2010,临海,32,Sat Sep 25 07:41:24 UTC 2010
441,Sat Sep 25 07:41:24 UTC 2010,丽水,32,Sat Sep 25 07:41:24 UTC 2010
442,Sat Sep 25 07:41:24 UTC 2010,宁波,32,Sat Sep 25 07:41:24 UTC 2010
443,Sat Sep 25 07:41:24 UTC 2010,瓯海,32,Sat Sep 25 07:41:24 UTC 2010
444,Sat Sep 25 07:41:24 UTC 2010,平湖,32,Sat Sep 25 07:41:24 UTC 2010
445,Sat Sep 25 07:41:24 UTC 2010,千岛湖,32,Sat Sep 25 07:41:24 UTC 2010
446,Sat Sep 25 07:41:24 UTC 2010,衢州,32,Sat Sep 25 07:41:24 UTC 2010
447,Sat Sep 25 07:41:24 UTC 2010,江山,32,Sat Sep 25 07:41:24 UTC 2010
448,Sat Sep 25 07:41:24 UTC 2010,瑞安,32,Sat Sep 25 07:41:24 UTC 2010
449,Sat Sep 25 07:41:24 UTC 2010,绍兴,32,Sat Sep 25 07:41:24 UTC 2010
450,Sat Sep 25 07:41:24 UTC 2010,嵊州,32,Sat Sep 25 07:41:24 UTC 2010
451,Sat Sep 25 07:41:24 UTC 2010,台州,32,Sat Sep 25 07:41:24 UTC 2010
452,Sat Sep 25 07:41:24 UTC 2010,温岭,32,Sat Sep 25 07:41:24 UTC 2010
453,Sat Sep 25 07:41:24 UTC 2010,温州,32,Sat Sep 25 07:41:24 UTC 2010
454,Sat Sep 25 07:41:24 UTC 2010,舟山,32,Sat Sep 25 07:41:24 UTC 2010
455,Sat Sep 25 07:41:24 UTC 2010,香港,33,Sat Sep 25 07:41:24 UTC 2010
456,Sat Sep 25 07:41:24 UTC 2010,九龙,33,Sat Sep 25 07:41:24 UTC 2010
457,Sat Sep 25 07:41:24 UTC 2010,新界,33,Sat Sep 25 07:41:24 UTC 2010
458,Sat Sep 25 07:41:24 UTC 2010,澳门,34,Sat Sep 25 07:41:24 UTC 2010
459,Sat Sep 25 07:41:24 UTC 2010,台北,35,Sat Sep 25 07:41:24 UTC 2010
460,Sat Sep 25 07:41:24 UTC 2010,基隆,35,Sat Sep 25 07:41:24 UTC 2010
461,Sat Sep 25 07:41:24 UTC 2010,台南,35,Sat Sep 25 07:41:24 UTC 2010
462,Sat Sep 25 07:41:24 UTC 2010,台中,35,Sat Sep 25 07:41:24 UTC 2010
463,Sat Sep 25 07:41:24 UTC 2010,新竹,35,Sat Sep 25 07:41:24 UTC 2010
464,Sat Sep 25 07:41:24 UTC 2010,嘉义,35,Sat Sep 25 07:41:24 UTC 2010
465,Sat Sep 25 07:41:24 UTC 2010,高雄,35,Sat Sep 25 07:41:24 UTC 2010
466,Sat Sep 25 07:41:24 UTC 2010,金门县,35,Sat Sep 25 07:41:24 UTC 2010
467,Sat Sep 25 07:41:24 UTC 2010,南投县,35,Sat Sep 25 07:41:24 UTC 2010
468,Sat Sep 25 07:41:24 UTC 2010,台北县,35,Sat Sep 25 07:41:24 UTC 2010
469,Sat Sep 25 07:41:24 UTC 2010,宜兰县,35,Sat Sep 25 07:41:24 UTC 2010
470,Sat Sep 25 07:41:24 UTC 2010,新竹县,35,Sat Sep 25 07:41:24 UTC 2010
471,Sat Sep 25 07:41:24 UTC 2010,桃园县,35,Sat Sep 25 07:41:24 UTC 2010
472,Sat Sep 25 07:41:24 UTC 2010,苗栗县,35,Sat Sep 25 07:41:24 UTC 2010
473,Sat Sep 25 07:41:24 UTC 2010,台中县,35,Sat Sep 25 07:41:24 UTC 2010
474,Sat Sep 25 07:41:24 UTC 2010,彰化县,35,Sat Sep 25 07:41:24 UTC 2010
475,Sat Sep 25 07:41:24 UTC 2010,嘉义县,35,Sat Sep 25 07:41:24 UTC 2010
476,Sat Sep 25 07:41:24 UTC 2010,云林县,35,Sat Sep 25 07:41:24 UTC 2010
477,Sat Sep 25 07:41:24 UTC 2010,台南县,35,Sat Sep 25 07:41:24 UTC 2010
478,Sat Sep 25 07:41:24 UTC 2010,高雄县,35,Sat Sep 25 07:41:24 UTC 2010
479,Sat Sep 25 07:41:24 UTC 2010,屏东县,35,Sat Sep 25 07:41:24 UTC 2010
480,Sat Sep 25 07:41:24 UTC 2010,台东县,35,Sat Sep 25 07:41:24 UTC 2010
481,Sat Sep 25 07:41:24 UTC 2010,花莲县,35,Sat Sep 25 07:41:24 UTC 2010
482,Sat Sep 25 07:41:24 UTC 2010,澎湖县,35,Sat Sep 25 07:41:24 UTC 2010
483,Sat Sep 25 07:41:24 UTC 2010,其它,35,Sat Sep 25 07:41:24 UTC 2010
484,Sat Sep 25 07:41:24 UTC 2010,美国,36,Sat Sep 25 07:41:24 UTC 2010
485,Sat Sep 25 07:41:24 UTC 2010,英国,36,Sat Sep 25 07:41:24 UTC 2010
486,Sat Sep 25 07:41:24 UTC 2010,法国,36,Sat Sep 25 07:41:24 UTC 2010
487,Sat Sep 25 07:41:24 UTC 2010,瑞士,36,Sat Sep 25 07:41:24 UTC 2010
488,Sat Sep 25 07:41:24 UTC 2010,澳洲,36,Sat Sep 25 07:41:24 UTC 2010
489,Sat Sep 25 07:41:24 UTC 2010,新西兰,36,Sat Sep 25 07:41:24 UTC 2010
490,Sat Sep 25 07:41:24 UTC 2010,加拿大,36,Sat Sep 25 07:41:24 UTC 2010
491,Sat Sep 25 07:41:24 UTC 2010,奥地利,36,Sat Sep 25 07:41:24 UTC 2010
492,Sat Sep 25 07:41:24 UTC 2010,韩国,36,Sat Sep 25 07:41:24 UTC 2010
493,Sat Sep 25 07:41:24 UTC 2010,日本,36,Sat Sep 25 07:41:24 UTC 2010
494,Sat Sep 25 07:41:24 UTC 2010,德国,36,Sat Sep 25 07:41:24 UTC 2010
495,Sat Sep 25 07:41:24 UTC 2010,意大利,36,Sat Sep 25 07:41:24 UTC 2010
496,Sat Sep 25 07:41:24 UTC 2010,西班牙,36,Sat Sep 25 07:41:24 UTC 2010
497,Sat Sep 25 07:41:24 UTC 2010,俄罗斯,36,Sat Sep 25 07:41:24 UTC 2010
498,Sat Sep 25 07:41:24 UTC 2010,泰国,36,Sat Sep 25 07:41:24 UTC 2010
499,Sat Sep 25 07:41:24 UTC 2010,印度,36,Sat Sep 25 07:41:24 UTC 2010
500,Sat Sep 25 07:41:24 UTC 2010,荷兰,36,Sat Sep 25 07:41:24 UTC 2010
501,Sat Sep 25 07:41:24 UTC 2010,新加坡,36,Sat Sep 25 07:41:24 UTC 2010
502,Sat Sep 25 07:41:24 UTC 2010,其它国家,36,Sat Sep 25 07:41:24 UTC 2010
